filename,length,chroma_stft_mean,chroma_stft_var,rms_mean,rms_var,spectral_centroid_mean,spectral_centroid_var,spectral_bandwidth_mean,spectral_bandwidth_var,rolloff_mean,rolloff_var,zero_crossing_rate_mean,zero_crossing_rate_var,harmony_mean,harmony_var,perceptr_mean,perceptr_var,tempo,mfcc1_mean,mfcc1_var,mfcc2_mean,mfcc2_var,mfcc3_mean,mfcc3_var,mfcc4_mean,mfcc4_var,mfcc5_mean,mfcc5_var,mfcc6_mean,mfcc6_var,mfcc7_mean,mfcc7_var,mfcc8_mean,mfcc8_var,mfcc9_mean,mfcc9_var,mfcc10_mean,mfcc10_var,mfcc11_mean,mfcc11_var,mfcc12_mean,mfcc12_var,mfcc13_mean,mfcc13_var,mfcc14_mean,mfcc14_var,mfcc15_mean,mfcc15_var,mfcc16_mean,mfcc16_var,mfcc17_mean,mfcc17_var,mfcc18_mean,mfcc18_var,mfcc19_mean,mfcc19_var,mfcc20_mean,mfcc20_var
jazz.00016.wav,30.013333333333332,0.2495568,0.08757101,0.060548145,0.0012767597,1465.8580994279907,143300.72709945808,1738.8147827080952,58820.21055848788,2822.465015951276,739407.5274218154,0.06984498864075793,0.0012247292570392023,4.2113694e-05,0.004387448,0.00011208704,0.00015120897,[73.828125],-259.90985,2795.0835,123.19317,668.84186,-6.395086,366.11194,37.57145,183.88591,-2.9789445,82.23471,13.065518,108.6852,-14.084049,86.207405,5.309153,72.81829,-11.972437,75.67514,3.51741,52.52832,-9.638736,53.142105,5.3370905,67.63065,-7.83725,60.28398,3.2650764,63.646152,-0.5511161,124.64998,2.8901608,109.80356,-0.025584351,113.61086,2.1009786,160.02603,1.1095959,136.82501,2.9331734,95.866554
jazz.00002.wav,30.013333333333332,0.26775163,0.08395011,0.08082792,0.0009922467,1064.7190884868967,161070.75298632614,1050.3578732500332,62092.31984357104,1895.8628076964908,488545.2841675744,0.05785736296403712,0.0009271213764442144,1.2911393e-06,0.0063336915,5.762706e-07,0.00041203835,[151.99908088],-256.9818,6372.4526,175.33954,1215.9968,-44.81545,1082.3688,25.638649,404.80743,-4.25749,234.83125,-0.22635292,112.456314,-11.3197775,94.202034,-9.186364,73.75255,-4.102288,86.01317,-8.307013,106.35198,-22.554068,99.03965,-7.60941,71.08261,-7.656197,57.587616,-11.744767,80.39366,-8.174172,70.179634,-7.5016193,39.93092,-12.296844,54.682243,-6.7680964,45.68299,-3.500232,41.433422,-8.648592,73.394966
jazz.00003.wav,30.013333333333332,0.31937426,0.08102088,0.05944417,0.0012987255,813.4170141113811,92865.65298088577,1059.4360254269382,219972.55978551446,1416.9114115066704,437656.13265761954,0.044649978248259864,0.00020913035427532988,-3.4873017e-06,0.00367266,-3.7916278e-05,0.0003076777,[92.28515625],-297.30292,9862.571,193.07446,874.2939,10.171171,1128.7506,-1.5964471,255.03949,3.3883607,146.04523,9.993823,103.37908,-7.25645,144.48573,4.6935673,78.342026,-5.391065,88.36285,-2.8595288,89.92779,-10.230401,51.051273,0.37925708,100.86946,-4.969516,72.6709,3.238547,51.639385,-4.474768,41.1848,-1.8852345,47.354244,-2.275575,54.609673,3.8763874,38.860348,0.3421179,50.061325,-2.2191534,56.314613
jazz.00017.wav,30.013333333333332,0.34522498,0.09213056,0.049843065,0.00093951024,1934.3602749559436,278698.2392094429,2187.2734416483963,114977.44897675206,4327.366124836862,1652882.523167428,0.08414373670726992,0.0016368935059668242,2.3353548e-05,0.0016686156,9.954979e-05,0.000817116,[215.33203125],-233.11557,3329.9644,105.91353,521.83746,-2.6636262,394.07996,37.423096,78.89369,-8.166696,60.78068,15.727242,50.140873,-15.060575,73.01977,8.373821,52.882614,-16.369576,76.14516,8.638242,53.40112,-9.372576,47.32712,7.094328,65.19338,-5.9968605,67.29031,1.9887952,42.02452,-5.7236624,54.307014,-0.93714124,62.15782,-6.908052,62.904152,-3.766251,56.319866,-1.624408,52.852016,-2.4380083,61.784645
jazz.00001.wav,30.013333333333332,0.32803315,0.08655912,0.022786215,0.00023893478,1266.4884317094,301890.4945165272,1691.2917036170227,217327.43598749567,2410.6862220852668,1779535.0154773328,0.059293884135730855,0.0010742266412839172,6.5608874e-05,0.00042523822,0.00022205172,0.00010872602,[135.99917763],-345.75772,10113.175,146.97388,1288.6447,-0.50894165,521.9457,22.634274,134.67113,5.8155456,96.69115,10.363343,55.179626,-0.15792407,53.92851,-1.7160186,57.058567,-6.119844,46.948147,-0.522886,48.356506,1.038545,52.090656,1.2205256,46.223938,-1.9355481,64.4804,-5.546963,62.344246,-4.404171,53.5801,-2.587038,44.14142,-5.1892533,43.25659,-5.428416,45.679005,-3.1186113,52.634304,-0.7985719,98.261055
jazz.00015.wav,30.013333333333332,0.33296824,0.09087317,0.062371545,0.0006229577,1782.2204673978242,101427.57222925033,2061.769257031079,90496.51705620262,3811.801621864124,948076.6396552209,0.07355637930201082,0.0006413494143441121,1.0504231e-05,0.002597109,0.00013035822,0.00068067503,[117.45383523],-200.0005,1825.5448,117.24072,327.39667,-12.38803,481.3822,39.11275,94.94916,-6.3558517,58.192093,16.529463,57.79704,-17.309965,63.390152,13.630981,50.67081,-17.660389,36.379524,14.04195,51.51528,-10.207223,38.191086,12.181233,46.83656,-6.7178407,35.52147,7.7457767,44.97524,-8.082754,42.260532,2.6350367,58.32253,-6.6503015,84.4059,4.8658733,96.99095,0.6930491,72.82183,0.4651804,80.46873
jazz.00029.wav,30.013333333333332,0.30428433,0.09124722,0.03632046,0.00017280251,2235.2480118458593,164732.9549786544,2259.068865082631,67277.535097526,4683.488333363544,927939.8718143734,0.09937373114849188,0.0010211578117019298,-6.0088687e-06,0.00070045376,-4.7282392e-05,0.00031522382,[112.34714674],-232.95944,1298.658,93.831406,334.4533,-16.192348,272.7967,49.591522,101.67335,-13.951524,86.00031,13.50087,69.66379,-11.832385,45.352318,13.296763,34.203102,-25.825914,45.62061,17.382801,32.738113,-13.31809,24.473055,9.286802,36.62068,-5.4947696,45.48643,1.928136,50.864914,-14.406503,47.97882,2.5930336,39.245872,-11.4844055,48.935604,-1.2346404,84.01326,-5.2070765,71.637505,-3.8731632,75.120705
jazz.00028.wav,30.013333333333332,0.2765514,0.08756012,0.048747774,0.0006089651,1854.1337835674512,111478.59479790567,2096.256995839767,98829.6698504704,4031.4136478574537,1024785.4649771479,0.07490491166376644,0.0005657209402702073,-1.5726997e-07,0.001957175,-3.708973e-05,0.00034279062,[99.38401442],-233.78688,2072.1172,108.448845,258.93744,-10.692217,458.04758,38.697773,148.39635,-10.757062,56.643036,14.163576,78.126465,-16.255836,38.4125,10.371212,34.490593,-20.810993,34.527294,10.070446,38.889683,-12.022905,54.933556,7.7604136,56.66789,-12.027533,61.820404,3.3738859,62.910976,-6.3608356,105.61149,3.977286,114.35015,-1.2831222,95.99435,-3.824299,117.0436,-6.2250133,112.878914,-4.9512777,96.15327
jazz.00014.wav,30.013333333333332,0.19865003,0.08461387,0.039290268,0.0010215086,1171.834589986292,167159.23172270466,1278.026764603127,68095.47386532255,2019.0500493945765,623723.5368580762,0.06491837055297757,0.001158129426220904,8.891767e-05,0.0024084507,5.920087e-05,4.5564066e-05,[129.19921875],-358.2756,5180.574,137.95386,1001.52124,-10.996048,560.8138,20.851852,345.037,1.9459163,138.54541,-3.4097786,131.05496,-11.533094,113.38468,-3.2747328,63.878345,-11.018584,72.49006,-8.387629,49.88651,-7.478257,81.29433,-0.9960915,71.555565,-6.7370696,97.74095,2.3955078,155.97687,-2.633835,141.24416,-0.28783256,175.73763,-1.4399863,138.55882,-1.6889193,148.17998,0.90655416,143.74615,4.4276047,178.21826
jazz.00000.wav,30.013333333333332,0.34445786,0.08498813,0.046740487,0.0015428542,1503.9322998491905,554590.3473361222,1754.3003588405395,283569.5816667774,2799.366367278132,2685705.4587929985,0.07841653373936582,0.0024458517642570988,-0.00044514594,0.0018131806,-0.0005023064,0.0007540874,[123.046875],-252.09982,12157.225,137.90314,1465.4672,-11.12893,731.8261,8.363254,119.988,0.73125374,117.53524,1.5888377,53.209347,-3.731885,56.283455,-4.134912,38.266987,-5.499282,43.680332,-2.6316204,37.643982,-3.5324266,43.067963,-3.143262,59.09873,-1.8463441,43.779274,-0.9992475,41.17558,-2.57927,48.968212,-1.9601096,50.278206,-1.5086894,41.0908,0.21448877,55.62529,-1.995491,50.00376,-3.354487,49.878914
jazz.00038.wav,30.013333333333332,0.28566775,0.0883173,0.0977495,0.0011425903,1554.3487797396808,78727.81359568243,1774.8728276698475,61395.61481607343,3216.3660885839618,489120.88568786834,0.06639416569992267,0.0005647059674501437,-0.0007370072,0.008017054,-0.001121271,0.00083618256,[151.99908088],-179.60382,2773.331,124.33756,300.98294,-29.747341,531.7346,45.366802,248.23753,-10.197358,84.91217,17.78607,74.85261,-8.814063,48.363888,12.764595,61.102608,-10.758047,48.65282,8.616039,44.24595,-12.397632,41.72776,3.39003,47.473156,-12.025345,42.43073,6.519901,75.34383,-9.862467,53.266792,-2.8076353,39.234264,-5.118481,52.74549,-1.1995834,53.973137,-1.881097,45.84374,-5.6317697,50.443203
jazz.00004.wav,30.013333333333332,0.17189649,0.082616225,0.108704925,0.0021764145,1039.4057430987032,122451.29761741478,1422.039826461949,76981.82399880125,1837.7997661687934,915366.0649110841,0.04775035648685228,0.0005222274922739694,-3.8458737e-07,0.013115203,-2.7031869e-05,0.00030904,[64.59960938],-270.31265,2917.0596,137.58981,546.8804,5.6400194,345.07837,42.49051,220.5096,-7.95947,175.91786,9.938034,103.67771,-6.8108325,81.89666,8.250217,55.442177,-6.1824946,50.990448,5.4758544,52.85296,-5.4403195,56.807774,-5.177866,82.32535,-6.9937267,77.4661,-3.2327619,78.75151,-2.0183144,98.77452,4.3956404,162.92766,1.9801576,181.2388,4.981708,162.34172,6.5850415,393.37378,-2.4146407,473.17026
jazz.00010.wav,30.013333333333332,0.32968155,0.091430835,0.06414246,0.0016506321,829.6061464931184,171099.8362918336,1037.8346396657334,64604.90621591945,1554.3458730604698,721762.4148843724,0.03306037920533643,0.0004560738122840374,-1.9264858e-06,0.0049467967,-2.8675677e-05,0.0003451877,[112.34714674],-318.75613,11648.2295,162.64056,556.9602,-16.489927,2924.1106,39.124428,268.84195,31.42814,200.14159,15.258033,132.314,-0.6904928,85.60333,5.8004074,79.05867,-8.641589,174.81488,-4.0020485,98.748764,1.3683021,49.221096,0.07209234,41.250824,-3.100714,47.19131,-1.5460938,39.117954,-1.5932206,42.218952,-4.8776345,35.51037,-4.2504344,29.53531,-1.2879181,33.55352,-0.7554634,35.18512,-4.4301324,26.5874
jazz.00011.wav,30.013333333333332,0.300457,0.088305555,0.07116314,0.0010230212,1825.7919930849514,130056.4445958002,2108.13361916123,99303.18403682267,4011.2377193300463,1186942.345617523,0.0768886250483372,0.0007207446968693945,1.9466814e-05,0.004362055,0.00012548092,0.0005908744,[99.38401442],-192.50862,1729.111,113.1928,307.81927,-6.3497915,365.72113,39.581062,80.022026,-9.180213,47.384342,17.197966,49.87767,-19.102737,54.467552,12.200302,41.100075,-15.4702015,39.426792,9.694097,34.48878,-10.955244,34.670605,12.916771,47.162296,-7.2863307,38.465694,8.491094,31.92289,-4.163884,37.126125,0.9719224,60.28742,-7.1346464,59.05659,1.1893932,54.246433,-1.1828434,65.22001,-1.2998313,67.68112
jazz.00005.wav,30.013333333333332,0.24822201,0.096403986,0.107499525,0.002232897,1268.2111445459243,286388.73490914993,1545.9686200008136,236437.27801978338,2486.5520433040892,1862044.81084122,0.057875111779775716,0.000906713825670627,3.071466e-06,0.010314478,-1.5395988e-05,0.001339456,[107.66601562],-246.27443,9177.293,120.21053,770.6021,-0.9766388,892.1369,30.696602,202.24496,0.17293577,297.50003,23.16143,104.98729,0.4313876,168.78827,9.16699,81.32581,-0.56214124,153.33932,5.726498,185.6553,-3.753218,131.8637,4.230339,184.60378,-0.28523368,207.58774,7.447655,221.78308,0.7054943,261.0835,7.0812554,229.17856,0.8828835,405.9287,0.974251,332.78204,1.7270819,193.03664,-1.3540725,212.84537
jazz.00039.wav,30.013333333333332,0.24765107,0.090189256,0.0822344,0.0015969966,1311.1445632360924,144885.90996607946,1446.2128273817664,37165.273109300535,2723.742024361949,712305.9498315665,0.07648568916763342,0.0011431602800037863,-0.00016226244,0.0058468077,-0.0010580587,0.00094630226,[99.38401442],-237.3255,5125.2183,146.8242,240.66241,-24.415499,550.88245,64.26624,197.71051,-10.8137045,330.75876,3.2741911,147.8824,-1.3289616,211.68637,2.7072988,176.94983,5.1439767,80.029724,0.40130156,113.2167,9.623003,136.8075,2.5155437,155.48071,3.119005,94.05398,7.749035,74.62127,-1.5282729,112.95519,1.7393166,95.25182,0.783188,92.97495,-2.4423103,95.445335,4.0167513,76.90656,-1.9916267,91.24287
jazz.00013.wav,30.013333333333332,0.31436893,0.08891054,0.05546204,0.00031097807,1790.2436405426402,87970.69419275866,2313.0098721345285,49008.90060067755,4398.1775553763055,941972.0959005035,0.06107594076276102,0.0003194084261738469,6.637224e-05,0.0019407201,0.0004605061,0.0004792376,[99.38401442],-217.6363,890.2806,112.63075,138.4972,12.674138,122.085205,39.518566,61.728096,-9.819439,51.46895,17.37019,51.61636,-12.366684,53.01637,20.703709,80.698364,-18.293846,71.26871,16.35072,51.498325,-10.01516,59.188816,9.042705,87.051186,-6.878432,76.18236,7.313042,64.96677,-4.784163,85.999084,8.559465,84.781975,-2.7796257,80.84371,1.2767965,59.72882,-0.3562193,60.68333,0.34986612,72.7876
jazz.00007.wav,30.013333333333332,0.19718058,0.09172005,0.093775615,0.0022389982,1169.7729217424946,119971.53915643955,1355.273905146584,60304.35035295321,1958.322419699826,696216.8183202661,0.06482660539926527,0.00070711567449989,-1.7793101e-06,0.009692292,-1.2424254e-05,0.000514027,[61.5234375],-291.9705,2538.1265,137.69984,910.25336,2.6473362,588.48474,35.658165,147.44246,-12.313128,120.367615,15.60498,84.97864,-6.7887726,93.78824,-2.845075,64.141266,-3.7737763,63.194714,-3.4614394,130.07785,-1.7078487,176.64516,10.411185,254.75319,8.302555,197.42505,5.2136855,279.05792,0.32289362,426.2803,0.3902466,393.00574,-1.4703425,188.0285,-0.76864284,215.57579,-6.3239975,230.8408,-5.503818,210.65468
jazz.00006.wav,30.013333333333332,0.27480835,0.09213876,0.098547824,0.0013576496,1219.512485612463,265242.6573666639,1458.8753957998126,139153.61000470666,2416.473374510586,1252802.736110501,0.048039624419953596,0.0006949413301949512,2.3375986e-07,0.008513611,-1.656813e-05,0.0010134038,[135.99917763],-234.40953,6415.0264,142.74026,1387.4265,-14.29672,607.01324,51.963947,373.03094,-8.197965,197.15912,12.785138,126.31608,-4.2762494,198.17232,12.085669,119.06033,-13.715138,105.45397,-1.5637431,67.01263,-3.9804893,103.51009,4.9272647,65.87169,-3.9477925,55.26177,2.1964936,56.383385,-6.67365,57.24716,-9.764631,56.463608,-4.477752,59.224556,-5.545833,105.16492,-1.1712631,149.53973,-1.0995277,132.90285
jazz.00012.wav,30.013333333333332,0.36378703,0.08262457,0.037519317,0.00027371067,1650.958287276911,119766.25621668492,2040.7208688348921,104936.051668403,3658.879241589327,1200271.5098851975,0.06368954828886311,0.0004694094857186538,2.1036662e-05,0.00097034336,0.00012225,0.00027173824,[112.34714674],-253.17776,2350.1929,122.69336,361.42145,-5.665437,520.7897,40.575787,96.65491,-5.8344774,65.94886,18.414371,64.12754,-16.655176,49.533203,14.596436,55.479794,-15.156902,40.68593,8.209848,42.444855,-13.885359,39.65232,8.284788,51.54739,-7.303147,34.835,5.4287305,42.165947,-6.3066483,44.21753,2.7849543,41.39169,-4.236989,31.428425,0.5380898,38.79533,-1.4865999,37.95108,-2.5326364,31.651243
jazz.00075.wav,30.013333333333332,0.2936292,0.08615495,0.14688885,0.004137442,2902.2373713593015,335699.20817166334,2854.729697746693,153066.9473696801,6196.799548651392,2075692.6458416723,0.12648901235015467,0.001975821200798806,-1.1796109e-05,0.019115986,-3.8439208e-05,0.0019863327,[103.359375],-78.20656,1643.49,63.23094,286.28024,-1.6779568,410.688,21.02095,71.602516,4.4600124,76.72247,-3.5970638,52.431168,-1.5601112,44.19213,-3.0758893,56.767826,-6.07666,37.46772,-1.9537258,34.88666,1.7829208,34.85054,-1.2087538,43.40456,0.947778,30.288137,-2.5644195,24.18764,-7.776581,32.21262,-5.946929,55.655937,-3.0233428,58.262,-2.464011,43.529327,-1.0332462,77.097305,-5.1137567,93.54197
jazz.00061.wav,30.24126984126984,0.37041935,0.084683254,0.23172186,0.0014521435,2455.008879582749,218345.15585143623,2656.871437610396,84720.54845270337,5469.5079601460575,1307445.7617536276,0.09425926647640061,0.001129150682151886,-0.00023738954,0.038121358,-0.0020643855,0.005356405,[172.265625],-23.793097,1401.183,82.98356,281.33304,2.3204923,234.2492,29.46328,95.59074,6.617261,50.83146,6.4766674,53.10217,-0.7065422,47.305573,6.2216444,46.70608,-3.372559,44.7714,5.657925,43.431553,-0.3649514,37.367237,3.1989357,40.041214,-0.21585403,49.709927,0.37417927,51.441692,-1.5756849,42.066967,1.4696422,37.644623,-5.3551126,42.463646,-0.0649578,36.065586,-1.1610721,44.04088,-0.04891942,55.257572
jazz.00049.wav,30.00798185941043,0.20992807,0.09467785,0.18433051,0.008212191,2049.705425067409,524630.024668319,2467.129879637446,139689.62473252317,4562.441089037123,3129336.976366761,0.06476844970514307,0.0019381040338441425,-0.00083237677,0.035448015,-0.00078097376,0.0026819014,[184.5703125],-165.51665,3311.2444,87.27495,926.79517,24.825937,573.3545,28.404272,284.30267,-2.7653043,145.86888,-1.3249929,194.61858,-14.071616,149.56664,-4.758404,123.457436,-19.202238,96.866394,-0.60245836,239.48878,-11.948311,92.29696,-8.32714,83.78077,-8.228105,62.7229,-0.42032877,97.111015,-6.421835,118.49118,-1.5319241,163.45811,2.0175722,190.49742,-0.4492903,131.81416,-0.90894747,138.54411,1.5428524,213.25804
jazz.00048.wav,30.013333333333332,0.28261486,0.08714486,0.058648378,0.00039916116,1748.348688169635,132278.3262391927,1947.9220004458707,68567.10424882693,3685.416874365574,778183.6183587309,0.07930246398878577,0.0006543605548130507,-0.0012893401,0.0027489513,-0.0009292902,0.0003859656,[129.19921875],-204.78166,1650.203,117.437454,328.44336,-20.935831,139.05463,42.01605,81.23364,-10.355554,89.59743,19.221495,77.84983,-11.642017,65.85991,7.983561,42.171955,-20.268,48.262512,8.788081,52.665386,-11.700527,70.98743,5.1742787,80.873405,-11.235282,64.96342,6.0680923,100.24516,-5.1426425,109.649025,7.816154,92.99261,-1.2077184,75.93978,-1.0720742,82.02084,-3.160539,76.69001,-1.5368346,72.53237
jazz.00060.wav,30.013333333333332,0.2849138,0.09221311,0.10660699,0.0020714893,1427.924537705358,177767.98760482765,1887.5527956670658,152542.2780452576,2730.2785922092517,1409658.1902661435,0.05241074233855375,0.0004330011422129113,-0.003968521,0.01079383,-0.0018108595,0.0007771234,[95.703125],-190.4065,2346.8635,129.51292,556.2487,-7.8296256,439.55685,20.722414,198.70816,2.1996531,64.38284,7.7903314,65.23898,6.18631,46.2702,1.3470622,56.08114,-1.5960288,53.406116,2.017078,48.523575,-1.9909496,42.37384,1.1614684,44.66616,-1.3529068,60.980484,6.4120717,58.46035,-0.1978417,63.752056,-1.566716,90.171394,2.2386713,85.60137,2.039861,87.548485,0.1761063,114.132744,1.1900406,163.39293
jazz.00074.wav,30.013333333333332,0.29490557,0.091640286,0.11266223,0.004927059,2415.076791912464,510631.48921127367,2552.8255059246426,275455.7279158256,5136.026999347448,2895260.106333293,0.09553696587393658,0.001834543061217377,-5.3120107e-06,0.013255249,-4.3651078e-05,0.0014012926,[83.35433468],-149.20642,4072.135,79.08024,753.3791,2.0129538,819.10034,27.603146,125.98709,0.3204934,108.71333,1.7403431,73.01045,-3.6078987,84.369934,-0.16264431,46.55424,-5.0342765,42.71093,1.2452917,39.205063,1.1467863,40.12657,-0.6147799,35.578014,1.8223752,48.358192,-2.055651,33.00027,-6.004061,35.93653,-4.923563,50.931725,-3.9600585,68.5208,-3.5654557,63.932163,-0.861239,83.75641,-2.1855767,90.316956
jazz.00062.wav,30.013333333333332,0.28571206,0.08831177,0.09777056,0.0011424806,1725.6171874744873,109944.56938308146,2091.1062374793705,103829.12445489416,3504.599586716937,742931.4060407,0.06751573980085074,0.0005776788451261377,-0.000732202,0.008018015,-0.0011184858,0.00083801494,[151.99908088],-168.13132,2929.1843,108.280045,352.18668,-14.153984,566.5141,30.439228,218.59982,3.8875532,71.741554,4.6804056,58.062946,3.1929493,44.439774,1.9267529,49.011467,-1.1429431,45.861454,0.23423405,35.425217,-5.2528405,38.434963,-2.5567288,37.714165,-7.2262635,37.686974,2.7854698,77.76572,-7.1125894,46.445923,-4.674391,36.329178,-4.038205,54.67596,-1.6154606,50.400715,-2.0229168,45.99167,-5.0435376,49.568584
jazz.00076.wav,30.013333333333332,0.30321717,0.0870023,0.11909849,0.0030140383,1733.7356815702722,147170.27865488795,2068.2160500858563,174013.4271550635,3379.9718020410382,1247156.2926767692,0.06870037884280743,0.0007671543481619761,-3.5568764e-06,0.015180714,-4.291872e-05,0.0005258259,[117.45383523],-154.33812,3352.7197,110.678246,508.6015,-22.296112,748.8134,21.155048,174.93393,4.270861,110.087494,4.7511244,83.93895,-4.084911,71.745224,-1.0139267,51.57659,-6.4087467,89.806305,-9.243102,45.161804,-3.6306064,35.91748,-5.5059047,34.339325,0.53899264,42.3595,-0.50938636,36.350784,-4.8063927,29.60802,-11.206601,42.580338,-3.9367998,30.05136,-1.469241,47.136574,-4.4135075,44.562515,-10.5978565,46.885162
jazz.00089.wav,30.013333333333332,0.28051287,0.09727387,0.045032978,0.00081280846,1787.7638896934448,464681.9768694388,2485.5018438986594,150026.5325232074,3905.2287444714325,2993894.4950853805,0.06275188212973705,0.0033828964965398178,-2.6149675e-05,0.0026868603,-0.00016115754,2.9977084e-05,[117.45383523],-322.4348,2505.0603,90.67423,614.4275,27.020731,276.8053,37.843822,160.92213,19.696074,62.71571,4.6111484,75.04329,3.0710328,67.2618,7.9741745,63.51402,1.9310685,75.91697,2.0824645,59.000217,0.4400313,80.72531,4.8904376,51.34247,13.061074,87.63921,0.40732238,142.1942,-0.72353923,105.53326,4.714577,88.06116,1.2368989,71.74984,-3.7502077,82.897964,1.6869793,81.69342,0.39352882,81.91887
jazz.00088.wav,30.013333333333332,0.2909686,0.095819466,0.091520354,0.0015024659,2428.058768170142,442260.7924342173,3007.0198181885585,230585.53786606173,5925.969141984484,3763249.63079968,0.069027032579273,0.0010472418081284459,-6.283954e-05,0.008680665,-0.00013049893,0.00035775677,[129.19921875],-192.53928,3036.4338,80.9684,449.81464,25.694563,460.50546,18.537584,113.92496,14.170472,79.532555,1.2607204,81.5488,4.0871086,43.8935,-1.4164065,69.535355,2.669368,83.57124,5.248078,72.59533,3.7233064,82.628975,0.29042122,138.38567,7.335002,144.4481,0.88382834,122.243744,-1.2182312,86.30514,-1.3406188,89.9005,1.1556469,58.0852,2.675897,70.244705,3.225018,130.20036,-3.0074208,137.06126
jazz.00077.wav,30.013333333333332,0.30742404,0.0878634,0.1457161,0.003059259,2777.843412379414,265963.9197522972,2691.2274056362853,129966.44455817706,5813.698384933295,1508963.4512939802,0.1308816554282676,0.0014388759115568893,3.2182786e-06,0.017379038,-5.8098263e-05,0.0022999682,[184.5703125],-77.04768,1590.7325,64.53718,476.02234,-2.8516345,307.4099,28.523897,88.87121,4.6893306,74.99489,-2.8045924,44.707047,-5.941858,60.59941,1.9067209,31.852692,-5.199494,43.26582,-2.319647,36.078003,-2.9380128,70.13809,-6.1523376,52.890297,-0.76270944,34.11811,-4.483344,54.70113,-4.1556463,49.6379,2.132082,98.94433,0.849533,81.131165,-2.6578803,70.066635,-3.3279898,60.623066,-8.30848,72.50608
jazz.00063.wav,30.351020408163265,0.38282418,0.08805287,0.16242883,0.001521639,2481.539507930849,145639.54906795663,2688.3833583288383,77189.87110900921,5553.985987672018,874731.3501352804,0.09874629682721713,0.0009700703959154699,-0.00011912526,0.015500888,-0.001538803,0.0043642307,[123.046875],-50.615818,1054.1794,85.04832,222.07066,3.5498574,241.66528,22.806694,63.33454,-1.5829431,57.32482,6.1165333,33.11951,2.354721,29.03685,3.6508038,30.267431,-1.8693411,32.030594,4.3229847,36.131527,1.039942,37.2322,0.7945606,46.77914,-0.7855247,33.599163,0.36244884,29.309397,-3.394731,34.748493,1.4113231,45.290016,0.4122322,47.75461,3.6455512,55.79681,-1.3477824,46.595985,1.2258971,43.49434
jazz.00067.wav,30.013333333333332,0.23671558,0.095412165,0.13801786,0.001298992,1353.9940373375819,197201.83316678114,1567.0213090579234,96427.72882481696,2830.3671852341936,1253747.8230585267,0.054932207076566125,0.0006188227513107256,-0.002602749,0.015038945,-0.0015644961,0.0017397032,[99.38401442],-177.28923,1319.8008,144.32109,710.7978,-17.248318,496.8638,55.66755,387.47284,-21.235043,150.58244,0.3485291,165.52736,-1.5764662,117.899086,-10.4123125,83.31726,-5.180942,76.76125,-0.51025313,71.64507,-8.733682,61.2998,3.8595126,74.91444,-7.9607005,68.90196,-3.0144799,60.344994,-2.7411132,56.319073,-2.6054983,51.652172,-2.225063,61.113888,-1.9552922,109.8953,-0.03036728,153.16167,0.7568654,172.70508
jazz.00073.wav,30.013333333333332,0.33224925,0.089374125,0.13313222,0.0032595615,2967.8267570073363,360229.3384049531,2921.8330541265773,156060.17070258985,6414.7878412304235,2045281.5663050432,0.12970003746133024,0.0018900340279280575,-2.769458e-06,0.013557479,-4.6175828e-05,0.0027836147,[112.34714674],-84.05484,1931.5216,63.09341,297.19446,5.613019,462.4111,24.932241,98.122314,6.1947927,68.67248,-2.9102547,73.20075,-0.36938918,56.813297,-1.0819333,50.97105,-4.2484245,52.071526,-2.3233378,36.387,1.5739509,35.47646,1.9415088,35.069675,1.5482018,42.81158,-4.467192,27.706484,-5.3076186,33.093018,-2.9995692,51.740913,-2.895482,47.721226,-3.3243518,47.883503,0.31827715,51.80776,-3.970713,60.64406
jazz.00098.wav,30.013333333333332,0.3278279,0.09111418,0.060133778,0.00045534145,1885.6190149752294,300197.8172117448,2230.5435546651,106199.7265416962,4357.001341357309,1695098.3468274362,0.058131147887664346,0.0012414376906840765,-5.268827e-06,0.0030975263,-3.203154e-05,0.00032168557,[80.74951172],-222.99565,2176.6482,102.8713,461.07916,-1.664055,352.33685,45.21429,104.065544,-6.754359,82.82783,25.362495,55.09613,-14.371586,51.422726,24.249865,37.44325,-10.4132,44.51432,11.150229,55.33042,-9.152708,39.21915,6.6299024,40.67062,-7.8272076,37.18315,9.370801,31.224333,-3.43544,36.963936,2.6748655,36.04995,-6.2102075,33.525482,0.86569303,40.679455,-3.4012895,57.168427,-0.38676244,62.487602
jazz.00099.wav,30.013333333333332,0.29594263,0.096363306,0.0392551,0.00042290924,1492.5309945749896,269035.6300576445,2014.4559104449518,165934.81670993473,3377.149003951566,2285792.8933922593,0.046179019842420725,0.0005377657448425836,-3.342476e-06,0.0016363567,-2.8335891e-05,0.000105795705,[135.99917763],-315.03824,1948.1016,112.7201,529.71246,9.759592,281.70804,38.984005,93.126595,3.9417918,84.37511,20.022207,79.87453,-7.2148595,63.17011,15.278688,58.335,-13.678443,46.337994,10.154263,56.90454,-4.878445,59.163567,4.704112,84.23457,-2.7004828,66.39238,3.8329659,90.5204,0.8454219,118.60985,3.3494496,74.813644,-2.1096168,88.612144,-1.2433062,92.20003,1.7869991,78.626816,-2.2293556,88.02661
jazz.00072.wav,30.013333333333332,0.250429,0.09044821,0.11046993,0.0034929535,1336.354600498914,80079.90244760545,1554.563604553231,37191.66193344752,2751.88673687645,486693.8428771333,0.058720635150812064,0.00041484255373522966,-0.00086046197,0.008700708,-0.0011216041,0.0028025378,[107.66601562],-202.82182,4151.078,145.7447,283.02634,-23.56114,465.4431,47.848927,105.6102,-14.353488,124.07995,1.6448873,157.95978,-7.065911,82.114395,-11.128287,58.45092,-4.6043057,76.7601,-3.6093206,72.38372,-3.790268,56.29285,2.0428383,54.65656,0.84764093,105.51072,-2.0243819,91.658966,-1.0348779,112.2166,-1.452927,114.942116,0.781599,65.167694,-0.3956787,65.67156,-2.3374593,74.88541,-2.0137324,70.759834
jazz.00066.wav,30.27120181405896,0.25775722,0.0845029,0.17286155,0.0015484396,1579.5971667848355,119052.00272107753,1854.2680441450411,55039.763146040925,2967.9326156897046,567967.6549746771,0.0883246111723543,0.0009838070014747636,-0.00034109593,0.025832191,-0.0010991234,0.001543179,[129.19921875],-118.444305,1570.2836,122.29463,726.76746,-12.950322,217.09969,26.842342,61.688698,4.370559,78.84083,6.8966103,74.06818,-6.817066,43.28258,-0.395785,54.71182,-8.276584,75.04546,-5.0274334,90.48187,-4.3593554,101.35163,0.33117348,131.18501,-4.525175,109.89609,2.841595,91.593666,-5.1669016,139.93225,5.3363433,202.91519,-1.2348735,129.45404,3.5798876,146.32866,-0.51331276,135.3561,0.31711358,156.16571
jazz.00058.wav,30.013333333333332,0.322421,0.086353734,0.080529675,0.0011671185,1545.8301777694976,285267.0111133811,1580.9169691785253,56797.26964998235,2722.1682519757833,797422.2210207863,0.099600311774942,0.003184420982171352,0.00012080454,0.0031308401,0.0003860437,0.0018682821,[123.046875],-190.61761,3086.7551,144.0196,949.24884,-28.387869,564.9626,33.796574,214.84523,-1.2907629,76.300156,-2.2981575,53.765263,-5.6472545,51.78418,-3.6466973,39.164223,-10.5329075,50.776596,-2.8500466,44.5458,-7.7049165,79.31666,-8.587104,46.533783,-5.3027043,56.53839,-4.027534,57.894783,-4.785586,52.316006,-5.751061,56.596355,-3.8774357,65.01297,-3.652728,61.207874,-7.231783,104.57889,-7.698558,101.24079
jazz.00070.wav,30.013333333333332,0.27654222,0.08982766,0.08647344,0.0013444084,1117.261480352107,161872.72675474064,1545.1527038246725,143609.96299423606,1956.4655348209108,867276.1953973641,0.05004033135150812,0.0005505379757340303,-0.0177685,0.0063131214,-0.0013359888,0.00069108524,[103.359375],-237.89583,3763.5386,155.84558,976.21875,-9.223945,600.3925,13.184577,159.06479,6.6045504,78.85767,8.891065,63.931076,3.986958,51.26904,0.26179364,61.63539,1.750626,52.619507,3.356517,49.073425,1.1839762,46.02781,3.6197557,74.26799,1.1614975,95.890785,4.803461,86.12697,3.4798465,73.110245,2.0671203,123.22566,6.5401206,153.08076,5.662667,138.27203,1.799273,131.1156,-0.25749698,162.92404
jazz.00064.wav,30.021768707482995,0.3798405,0.08216684,0.2119892,0.0020857507,1574.9599565954134,72494.53570238355,2069.6779971893147,94549.80339921787,3339.64492550029,688861.5639097469,0.055842305926140756,0.00021962641930684516,-0.00026127152,0.0301648,-0.0020814887,0.005533862,[99.38401442],-69.57057,1539.7289,125.992775,308.99594,-5.150374,333.62067,30.77484,62.610294,8.313546,43.675045,5.0850725,33.343147,-3.913447,31.842592,5.374507,32.530712,-10.77791,29.122862,9.031306,26.480423,-8.25954,32.195633,4.7895656,32.895725,-5.1246743,37.007557,2.208006,35.99684,-4.77972,31.312107,0.62322795,23.685455,0.03530249,25.815502,1.236187,35.97156,4.0338793,34.257675,5.085235,32.371353
jazz.00065.wav,30.013333333333332,0.24766149,0.09018886,0.08223485,0.0015969756,1337.7771036597906,143380.5612534399,1518.8339989698597,33021.405852029144,2754.5096908533933,701951.0565383064,0.07649135368329467,0.00114507455167112,-0.00016060243,0.005846577,-0.0010515972,0.00094646675,[99.38401442],-235.76547,5288.5874,144.76729,292.1287,-22.573074,495.1948,62.554108,173.15398,-9.306331,294.4413,2.0314922,145.9427,-0.3348493,194.69121,1.998136,165.86789,5.5365386,76.56534,0.30647513,109.84462,9.452853,137.25688,2.900288,152.49706,2.5636392,94.13381,8.440722,74.177986,-2.3174849,115.465195,2.5718153,94.89241,-0.053889867,94.50308,-1.62544,93.48235,3.2587993,75.72605,-1.310626,91.21058
jazz.00071.wav,30.013333333333332,0.27725595,0.09258509,0.10030232,0.0012470669,971.5184947138313,59142.48961494774,1301.631459195953,24946.16293397189,1795.6992731293503,401106.6506817162,0.04257072336620263,0.00021045424137803228,-0.00067695073,0.008769544,-0.0007424988,0.00075690565,[151.99908088],-228.37425,3049.074,170.41562,438.2611,-16.073599,454.3879,43.945484,111.4437,1.0996212,55.164303,3.997021,47.585148,1.0797172,61.989494,-7.2045374,30.365112,-12.516271,47.01553,-4.418202,40.13268,-6.0617275,41.06901,-1.3315176,34.466652,-3.1522162,33.274376,-6.4780517,36.27841,-3.3078966,35.492096,2.1470585,63.022152,-2.3049192,42.11273,-7.3606663,56.04548,-5.1962657,44.407898,-2.8602986,48.626022
jazz.00059.wav,30.480725623582767,0.3163279,0.101777576,0.18228659,0.0048970575,1391.595954201287,352748.37427472294,2133.0459484721437,241356.61607422188,2913.9606228877096,3545531.6533391187,0.03801713930407464,0.0007262874419036438,-0.00017464354,0.03252346,-0.001309212,0.0016765749,[107.66601562],-179.79295,4183.6323,114.698,830.2643,28.397093,514.4346,36.0584,106.92351,11.13554,88.76766,12.761848,80.93094,3.798271,69.009476,8.478696,69.306305,-0.06284325,112.18678,5.3882685,74.66682,1.0202453,69.1953,2.688095,52.360462,-3.7270627,68.22872,-0.3352504,77.35976,-0.8353756,80.658516,2.4741316,74.76278,0.15115382,80.701546,1.5134331,77.77534,-1.2941428,101.46966,1.3993748,92.71301
jazz.00040.wav,30.013333333333332,0.23669657,0.09540766,0.13801351,0.0012992969,1317.0269707465989,182011.5892425437,1475.6012299823426,95085.90335483637,2778.8906725819315,1188854.9048545687,0.054847239341647334,0.0006019426732991472,-0.0026084185,0.015039633,-0.0015654193,0.0017391928,[99.38401442],-179.8,1254.766,147.75923,614.6403,-20.459309,507.60406,58.603146,388.2819,-23.800596,175.37405,2.462271,180.97694,-3.1939633,129.75166,-9.311168,87.77799,-5.76392,74.325005,-0.4222122,79.276115,-8.364214,65.667244,3.0939608,77.30151,-6.8591576,71.1238,-4.385506,61.30555,-1.1783726,54.949753,-4.2639937,53.33218,-0.5543863,61.644016,-3.5837715,109.08765,1.4945904,155.76003,-0.61275226,166.65733
jazz.00068.wav,30.013333333333332,0.28520375,0.09072506,0.09949384,0.0039381767,1382.8810941606785,186901.91970903034,1643.4574815650176,37149.75577168222,2833.0734075913574,1091450.7912907891,0.06120433645108275,0.0008585861971075529,-0.0010294688,0.00903826,-0.0006771892,0.0016338845,[73.828125],-204.40417,4915.2056,138.56189,692.2209,-10.7713175,443.95184,46.531643,124.354454,-22.296581,146.1654,9.674001,90.3221,-11.094681,69.2653,-17.79282,104.94312,-7.5867667,60.456757,-1.6089339,40.94473,-7.659107,34.877403,-1.028054,30.819092,-9.978247,44.714333,-6.6651993,48.19603,-3.8621955,45.702564,-5.0645204,53.611633,-2.032324,74.08404,-0.26289278,61.968895,-3.186623,101.99516,-2.435189,101.256744
jazz.00097.wav,30.013333333333332,0.22408497,0.09102203,0.021176668,0.00018390041,1176.3265678904104,246070.93087325018,1753.3771368839323,186912.00875535933,2344.729338112674,2333097.7247809987,0.039907645736658934,0.00047457583980366674,-6.9699618e-06,0.0005933457,-2.3992343e-05,7.670577e-06,[86.1328125],-413.57648,2115.9836,118.27753,534.3687,31.093847,807.1953,40.150215,168.93146,13.0943165,148.42522,13.9397745,109.04816,-3.7187622,71.02181,4.747173,65.52866,-9.887995,45.40074,-3.0664465,66.64624,-6.288996,64.07226,-3.6193843,67.98704,-5.2701,86.10214,1.1225255,78.14985,2.8385715,106.17982,6.601327,170.70457,7.957295,170.91942,5.0688186,135.95569,1.6041954,110.01566,-4.3764443,103.394035
jazz.00083.wav,30.013333333333332,0.42919457,0.081313856,0.07430314,0.0005522725,3393.0804590375133,569324.3025366265,3147.3199113600235,105781.76385853389,7233.19944306482,1549787.0092508097,0.14964517473897912,0.003715480163030329,3.81221e-07,0.00371322,-8.783525e-06,0.00089731853,[107.66601562],-125.98232,1968.956,56.631187,484.9972,23.469534,455.11896,23.709396,94.34062,-0.29916167,64.68467,7.154332,61.049225,0.18178771,62.934975,-0.8391556,47.08794,-4.1526923,46.221317,-1.8885247,43.159954,2.5274892,51.77413,0.5238576,35.338993,0.92152727,38.19947,0.040561613,37.984604,2.9164445,48.256004,0.12762147,43.08308,1.3210763,39.294422,0.3726079,39.168037,-6.131823,39.83474,-4.9484305,40.06448
jazz.00082.wav,30.013333333333332,0.40153858,0.08237793,0.047818083,0.00036566774,3905.066341986925,1218747.76011835,3328.871443693604,136123.892884469,8036.631063297564,2544266.626428465,0.2066977988447409,0.011145831443735368,-0.00021901993,0.0012088923,-0.00077677966,0.0006443349,[99.38401442],-158.35344,4384.2446,49.628304,662.1388,21.610638,337.77618,16.520689,95.3365,11.4244,72.78286,6.255049,49.961987,5.6390004,49.862076,-0.18564107,33.257584,-0.2379512,26.512918,-1.9907087,30.383707,2.0271473,34.559635,2.6864684,32.124214,-1.4627907,28.91796,-1.8032869,36.326897,-1.8263931,34.26755,-3.3095734,28.980938,-1.5251852,33.745255,-1.1921355,37.887222,-2.9823663,33.787575,-1.8667789,25.658516
jazz.00096.wav,30.013333333333332,0.2988261,0.09320504,0.044383854,0.00046189438,1873.8376246984164,514415.9999987624,2083.756432694712,178162.95455758637,4008.739667923434,2663951.6733801393,0.07771677723801237,0.002114606703982812,-6.523535e-08,0.0019681966,-3.063286e-05,0.00016420655,[135.99917763],-277.2662,4328.3755,95.78777,907.4829,-2.9489646,515.3319,43.918465,221.712,1.9368138,160.32666,22.255892,79.77199,-6.1426454,116.80281,22.457827,65.855934,-12.839391,95.09547,10.77821,67.24578,-7.53352,97.60816,3.5946436,67.419914,-5.078869,45.14215,6.7608237,57.77282,3.6342127,95.74892,6.721114,166.98349,1.7767847,101.37926,-2.121665,47.93289,-5.3743963,141.98398,-5.3303514,129.32062
jazz.00069.wav,30.013333333333332,0.25424877,0.08902863,0.111734815,0.001437801,2011.3793005801022,183644.5047999564,2227.9117246220453,139080.41968080355,3914.071846450841,1269420.6300216499,0.08750241686001546,0.0008451034534690611,-0.00043899575,0.010102148,-0.0008700261,0.0014026243,[151.99908088],-159.17877,3108.8926,92.01376,526.61523,-16.731047,535.7506,27.372528,222.92075,6.108614,79.3221,3.2374399,99.27802,7.151189,88.53431,4.027298,96.40103,3.5904977,203.33942,3.5372064,95.38408,-0.580228,73.91689,-3.7204585,94.98579,-4.718693,88.52209,-2.5912669,86.84146,-3.2932932,70.312225,-3.535847,45.100197,-0.88230366,68.28234,-2.305814,128.9433,-0.9493578,146.18565,-5.4537783,125.247314
jazz.00041.wav,30.013333333333332,0.30817124,0.0894917,0.07820094,0.0016645314,1617.40938440954,159934.97489112776,1568.4366650293,17717.84261675696,3103.562413899362,441648.15023575054,0.10058782567188708,0.002149514233829088,-0.00022821866,0.0042113797,-0.00084570074,0.0014392785,[95.703125],-216.33937,7644.7812,135.02338,384.8596,-35.487026,866.9371,61.59968,153.12146,-14.557851,217.93463,11.047008,94.77686,1.2091342,73.83613,10.954964,100.94875,-8.300717,106.60555,-1.4434433,113.74958,0.11894775,111.23235,8.277706,151.17152,-4.5797057,111.734245,0.57807726,143.6818,-6.100091,99.97835,0.20016003,81.45127,-0.600746,77.32674,-5.0460787,87.984085,-1.2558513,121.218605,-7.220031,148.31825
jazz.00055.wav,30.013333333333332,0.2645743,0.08997798,0.091461584,0.0012331674,871.796536792597,50292.721609428074,1205.6555879774455,27508.71614777371,1632.701418847883,431804.95652781485,0.03777854311678268,0.00013126990476705288,-0.0018765308,0.007580826,-0.00097486813,0.0005667265,[71.77734375],-260.38052,2638.5105,180.59885,492.05365,-15.3519535,611.9391,48.54308,205.11346,-0.07772112,82.545784,5.433353,67.790184,6.595534,70.55702,-9.157927,51.29053,-10.286931,52.12016,-2.9881866,57.987022,-5.8197927,52.36184,-2.9285157,32.249336,-3.6202674,38.270985,-6.6759596,37.225018,-1.3550661,29.889269,1.8960899,44.752277,-2.6753025,36.532852,-4.598643,61.776657,-2.3765154,44.48298,-3.1127245,52.320126
jazz.00043.wav,30.013333333333332,0.25413656,0.08901638,0.11169214,0.0014382018,1761.213133220635,121113.35231921313,1793.1994882831407,84467.5911710226,3462.7322451421114,687484.8547608004,0.08571960496423048,0.000833821409965209,-0.0004426039,0.010101115,-0.0008740673,0.0013978984,[151.99908088],-173.19873,3003.4849,111.66873,465.89526,-35.907608,525.50085,45.83885,208.36772,-11.437209,82.355316,19.691477,106.85361,-8.0762005,90.33596,17.946383,90.39575,-8.960495,219.1846,14.69359,96.42809,-10.340894,81.233086,4.678983,104.05149,-11.800858,88.328575,3.2474086,87.94705,-7.9790444,75.49785,0.10194815,46.857754,-3.5761986,67.222824,-0.4327568,138.5303,-2.1089976,137.91664,-4.8926244,131.04292
jazz.00057.wav,30.013333333333332,0.2341313,0.09263375,0.07809878,0.0022838314,1378.675371458361,168283.0387369636,1773.7599611703856,86900.66715730066,2584.991922400667,889577.3225466497,0.06185877682714617,0.0013251448717308172,-0.004341486,0.007560026,-0.00059908594,0.00021404616,[95.703125],-248.04065,3240.4233,125.96372,401.7354,-12.627049,496.15372,30.244604,143.26654,-1.0868208,102.8523,-2.2237859,80.28687,1.9342353,54.20952,0.23698269,52.077297,2.6991632,74.90939,-4.4125104,57.670227,-6.465382,95.418495,-6.510919,53.708767,-3.995319,69.99444,2.3363538,57.210213,0.35796297,60.416595,-4.059645,49.089466,-1.5115315,72.86661,-3.5222223,94.406006,-6.1832404,113.69543,-7.3376203,90.91245
jazz.00080.wav,30.013333333333332,0.3706841,0.08051593,0.07571336,0.0003674653,3029.524006781271,216044.52910607163,2829.0787114361615,64716.483013546014,6202.203666527697,1047467.5633782488,0.14034857163573086,0.0012723511897748145,1.1130477e-06,0.0033131847,-3.775137e-05,0.0009899936,[135.99917763],-117.26823,1621.5352,56.985897,279.64526,-2.100188,105.26118,35.6115,78.336655,4.7055225,79.36643,3.8937654,36.219482,11.592541,45.015377,6.0795307,36.13379,0.582582,35.33473,2.2728043,37.95569,2.699062,43.633873,-1.8532667,41.006645,1.6794041,56.375267,0.39268103,75.16134,2.0522194,63.23987,-1.195417,45.07988,-1.0621412,80.27175,-6.274984,76.39288,-5.3885856,64.99711,-4.8695765,82.22681
jazz.00094.wav,30.013333333333332,0.23734923,0.09282822,0.03976792,0.00040921682,1077.268000563519,231560.12600462316,1539.270293386592,214122.48339003127,2111.702776065835,1977850.1022297512,0.04150088517498066,0.0003842385444919004,-2.9581745e-06,0.0017692336,-2.4586636e-05,7.2644834e-05,[123.046875],-366.40802,3652.0166,131.7068,731.5408,16.492437,482.00967,36.311737,123.175995,5.05857,140.24637,14.669265,123.4922,-6.169326,108.57026,4.7203755,94.23046,-9.589378,87.22877,-1.2988945,71.91494,-2.6979923,80.93837,1.5731221,95.752975,-2.2846935,82.57255,-0.19031337,111.88723,-3.2673085,129.34969,-4.6865425,97.29611,-3.5690513,131.79198,-3.9660823,121.761055,-1.8257625,103.03767,-0.9271126,142.80049
jazz.00095.wav,30.013333333333332,0.3113647,0.09035553,0.06815121,0.0006964172,1854.6319156623144,214250.18040055258,2215.6086477821054,126255.32300116413,4282.218009081352,1762283.308951453,0.06336251691802011,0.0008457828957010639,-4.32593e-06,0.004430562,-3.168088e-05,0.00029271722,[117.45383523],-219.79694,1628.6821,100.832466,419.17102,-1.431354,450.69586,41.2765,101.22571,-0.9436147,77.583015,23.37852,78.19953,-11.5095,60.101192,20.015314,53.872227,-15.975561,36.536617,13.942784,60.31766,-7.988526,44.17041,5.734379,47.420895,-6.879346,34.681118,6.2036996,61.662167,-5.8124275,73.17417,0.9524838,92.21023,-5.162219,76.0791,3.0562446,89.06751,2.0919516,91.755104,0.95772135,97.202095
jazz.00081.wav,30.013333333333332,0.4416277,0.08792933,0.04322617,0.00024073361,3026.5185285813527,1033172.7744548024,3302.341720848814,179015.73309532966,7277.273396715487,2868613.8479877864,0.10012748936581593,0.0038576351376052843,-0.00013511276,0.0011869827,-0.0007354803,0.00044837175,[117.45383523],-228.37268,2878.587,67.55174,579.9653,37.07074,316.66498,21.323814,118.981804,17.05992,59.603592,10.132071,43.51137,10.780065,44.90738,8.01709,43.7321,2.04398,41.590263,0.283121,50.455418,2.4854755,55.331238,3.8430884,40.022293,1.5900073,53.64558,2.8501706,66.24303,0.058940325,53.951572,-0.20794107,39.650826,2.2982326,57.55047,3.2906277,62.831352,4.05468,49.976612,-0.18576427,46.04139
jazz.00056.wav,30.17142857142857,0.3728192,0.0884529,0.19825299,0.0021512886,2976.313671897254,269831.69588719873,3035.96836757377,63174.99551327053,6860.818077674279,993223.0122766618,0.11474045973557692,0.0019185137431297075,-7.090392e-05,0.028004594,-0.0013247104,0.00419119,[123.046875],-37.92366,1284.0137,65.09798,313.22528,14.327614,125.65053,21.301477,86.46958,7.49353,54.016357,6.316901,49.25683,1.9001935,58.558083,6.5574055,47.815018,-2.9158833,46.298985,5.5678763,48.851994,2.4430566,54.313213,2.9960213,63.664932,0.5928096,61.899147,2.0132222,57.73387,-1.7618653,44.766087,4.5223846,41.51154,0.08443759,33.64239,-2.027091,38.237778,-3.86741,62.609905,-2.1163511,61.254845
jazz.00042.wav,30.013333333333332,0.2852012,0.090727575,0.09949224,0.0039380766,1344.6201261626197,186885.27156186066,1548.9896604237588,40272.65765948257,2773.0951933185906,1120402.7959210859,0.061185832366589324,0.0008595647824262294,-0.001035841,0.009038414,-0.00067864236,0.0016340491,[73.828125],-206.79463,4666.4526,141.81705,532.18744,-13.789803,530.96606,49.32459,160.81558,-24.800512,204.2182,11.800834,117.48508,-12.790984,98.279945,-16.55076,94.592575,-8.390814,64.38965,-1.2141521,44.089237,-7.660741,49.33669,-1.3785264,30.67615,-9.349154,51.042995,-7.501379,50.776512,-2.871112,46.604305,-6.1422997,58.541233,-0.9398251,68.561005,-1.2982669,64.23433,-2.2419665,97.13524,-3.2707608,101.073654
jazz.00046.wav,30.013333333333332,0.25042978,0.090454265,0.11046955,0.0034930073,1295.2393474484065,82100.22426278598,1446.1536901143852,32080.861235265067,2695.60563868547,492286.57513784856,0.05863604505027069,0.0004181807110371462,-0.0008658825,0.0087003745,-0.0011236288,0.0028024437,[107.66601562],-204.2313,4034.5005,147.6004,253.69917,-25.210436,516.10065,49.35248,116.1867,-15.658071,150.56647,2.7013888,167.49318,-7.84962,89.468285,-10.641351,60.138783,-4.8027873,79.74867,-3.6693347,74.5223,-3.5079243,57.4395,1.5647384,54.689556,1.4762619,105.15225,-2.7308109,92.810425,-0.2829897,112.3576,-2.2225707,116.23741,1.5169793,63.175537,-1.0501516,67.48223,-1.7721422,73.549255,-2.4756627,72.65033
jazz.00052.wav,30.201360544217685,0.36640868,0.0918518,0.1882998,0.0045628008,2289.4808400575384,373045.4841557032,2592.5101322315636,147948.49791272296,5243.550127456044,1955063.9905669398,0.07725502618178325,0.001972205084459097,-0.00023405928,0.032591004,-0.0013565852,0.0022889094,[107.66601562],-91.53225,2225.4717,82.66672,589.5641,12.093825,270.9988,36.692665,111.527145,-0.7732235,133.96136,13.448074,64.92143,5.6481614,55.613823,9.667836,29.773413,-3.7435045,41.034943,1.8151721,43.97699,1.5047324,40.319195,1.2590992,55.462875,0.8051054,37.299255,4.3877897,66.923805,0.55621976,60.338165,3.8528633,59.616364,-0.30320662,53.609554,0.23201081,71.35463,1.7619368,77.427315,1.664221,51.676563
jazz.00085.wav,30.013333333333332,0.32542807,0.08760048,0.07137948,0.0007944816,2860.683150848153,318944.31601674564,2566.170784417868,101075.55423727573,5605.1610535092805,1295331.7128383303,0.14755912243812838,0.0022809831317015324,8.509665e-06,0.0039881626,0.00016178879,0.0006661853,[80.74951172],-131.90504,2065.4001,61.60795,514.66833,-12.67634,235.28958,35.07376,141.5939,-2.1412582,83.23409,-0.9574647,85.9082,-4.841936,79.997284,-4.1117215,76.545906,-3.2795613,55.613205,2.5008752,57.51839,6.401213,48.930702,3.4144213,58.858505,-2.8996134,58.382595,3.227199,61.213894,-1.3388274,34.234165,0.87550634,35.81542,3.6792717,42.251823,0.64843434,41.915348,-0.35371557,61.51491,6.321081,100.53016
jazz.00091.wav,30.013333333333332,0.23098566,0.08649135,0.040916957,0.0006369584,2959.1578864440644,1905259.7728524443,2832.760317520914,124270.10137662588,6065.55192774797,4525635.666793265,0.15147972254447023,0.017018841723446542,-3.839254e-05,0.002104873,-0.00014931938,5.5176297e-05,[83.35433468],-299.35794,3574.6907,60.76391,2488.5364,32.084476,173.5896,25.690987,149.20691,7.444089,95.89805,-1.2945149,77.92494,1.8584757,67.97296,5.254534,113.59595,-5.537015,131.92476,-3.0922518,170.58707,3.6521976,87.82926,-2.3015044,90.82691,0.89002097,110.633484,3.317315,109.950165,7.252861,109.2126,5.930814,90.36776,-8.256166,147.51532,-0.46346268,107.64868,1.9873985,97.58863,-7.0047293,213.59384
jazz.00090.wav,30.013333333333332,0.27007103,0.08671358,0.06135448,0.00041622316,1875.1521595189001,286399.1849027918,2569.4886461004253,181621.53049633425,4292.518307714618,2474879.461558232,0.054141818324632635,0.0002342930215283106,-1.7514261e-05,0.0035008243,-0.00019356974,0.00019311969,[135.99917763],-217.63109,1702.9915,105.63394,470.58,19.312328,133.39375,28.348387,70.44235,8.654819,48.041256,0.14195956,46.597687,6.3652163,30.456963,-2.5406358,36.532406,-12.9904175,70.20848,-11.146649,38.984623,-6.15667,30.77154,-7.739081,34.07211,0.42071104,24.080063,-1.2591245,39.010204,1.7055953,53.501343,-2.3079405,102.53417,-3.8136706,73.62432,-3.6811097,44.188198,0.58164144,34.245335,0.5806899,53.521305
jazz.00084.wav,30.013333333333332,0.3929949,0.086650275,0.05166333,0.00046366281,2875.1552626318467,335893.91522457293,2802.9612099655105,120470.9671170629,6139.435961517546,1340641.1815823454,0.11831247281032482,0.0030284509765546802,4.051488e-06,0.0021779712,0.00017737737,0.0003476417,[123.046875],-178.03915,2505.606,61.93402,370.78192,1.4865073,320.56534,36.045277,108.00128,7.582727,91.42883,5.1545825,57.67414,-0.90878826,50.083805,2.9489563,52.804317,1.4483311,36.757492,2.140209,48.774307,5.176123,26.261831,2.027973,33.043484,0.5181927,35.695087,6.528274,39.55757,2.6016335,31.620022,4.851193,47.767487,7.9307094,49.756058,4.53006,49.96375,-1.6014934,62.16815,3.7312696,72.1174
jazz.00053.wav,30.013333333333332,0.31167248,0.089816,0.13001709,0.0015956215,1804.79763764265,297879.6239984502,1861.924865427207,38651.90552710348,3646.755365429234,670721.3207888631,0.07952338009957463,0.002281795253021651,-0.00015700569,0.011266795,-3.3110995e-05,0.002728594,[95.703125],-141.05447,3126.0925,110.755295,885.9149,-27.479687,354.5889,51.97261,101.654175,-8.659801,49.495304,28.61282,65.41748,-1.6032472,51.191887,9.656118,47.05294,-11.177464,58.861042,6.511756,44.30355,-9.40914,68.71561,-0.123499565,64.827965,-4.9262433,73.60396,-0.16181076,92.51482,-2.6677046,84.50882,-1.8637869,86.71697,-0.020290814,98.18617,-4.2446775,80.70229,-4.2264557,100.69568,-5.646439,133.66068
jazz.00047.wav,30.013333333333332,0.3584823,0.09146454,0.05389259,0.000556554,1981.9823821800285,253178.2873387492,2145.059569853849,89856.31486423865,4262.017100039879,1275215.414162385,0.09353588130800464,0.0019449513476573407,-0.0009363486,0.0022133647,-0.0010860625,0.00046510517,[69.83741554],-201.77866,2150.8347,109.287796,517.394,-15.506362,188.08582,44.262638,75.513535,-11.043766,58.825634,18.838415,50.888596,-11.305834,54.31098,18.402468,39.184063,-18.90308,37.411663,11.213676,42.70927,-11.905747,33.827667,6.9541726,27.938856,-11.655336,30.517256,7.077494,32.77236,-9.114692,35.77552,9.886352,46.613476,-5.6547847,44.951633,-3.3263865,44.743076,-5.4503145,71.105156,-0.3119409,66.851776
jazz.00079.wav,30.013333333333332,0.33839837,0.084587865,0.06982318,0.00038671953,2634.0431151909706,360894.5271273829,2728.291981348748,118634.44169942148,5561.861495794664,1656678.0422816605,0.1078452031370843,0.0013800207847372943,5.56827e-07,0.0033775317,-3.7389447e-05,0.00070350023,[107.66601562],-163.56102,955.0963,65.98095,502.31766,5.354575,180.53337,41.90309,118.04311,7.027951,71.45567,5.498211,58.590244,8.927303,64.75391,2.682466,49.357475,-0.1786163,63.98332,5.16272,43.050053,10.484863,73.626564,3.3343596,86.62286,3.836848,95.25136,2.5440438,73.33894,5.696213,82.52969,-1.086054,95.85204,-1.7644418,98.398384,-5.1855516,61.14842,-5.650631,68.68528,-9.772131,93.647675
jazz.00051.wav,30.013333333333332,0.27395102,0.097518615,0.069750376,0.0018634461,1193.6599934493888,134018.43534468347,1559.7083759434988,51267.63830641994,2479.890572886456,819135.1643425301,0.042435530259087396,0.0004140296369492321,-0.00081397494,0.004862302,-0.0010161883,0.0006672231,[95.703125],-260.92548,4982.7856,138.5347,447.53708,-16.334736,344.65598,49.145832,111.362625,-5.2526445,219.26506,19.349972,35.003826,2.2014174,117.78669,5.547832,49.687996,-7.8814015,90.91291,-0.20591289,34.492065,-1.6223303,47.38073,-1.726785,27.775316,3.9365222,24.169685,0.22941414,27.802519,-0.434345,28.443516,0.23078577,24.120298,1.5157398,35.148056,-2.2397757,30.977251,-1.4580462,37.524498,-5.1618705,69.804756
jazz.00045.wav,30.013333333333332,0.27866605,0.0932355,0.10030164,0.001247033,937.3823873258294,57878.108530167134,1186.6650248209571,22606.407443396827,1763.0913754350347,390462.8342827307,0.042621704007153906,0.0002110699251231558,-0.00068251666,0.008769509,-0.000744887,0.000756921,[73.828125],-231.30544,2867.6304,174.38911,365.3211,-19.749825,537.56866,47.35617,144.28535,-1.9784822,71.83535,6.667477,51.000237,-1.1242023,64.317444,-5.498749,39.033394,-13.734887,58.758198,-3.6913333,45.829014,-6.3084702,49.677803,-1.4986185,32.45945,-2.635247,33.253704,-7.2728,35.299522,-2.3152075,35.81618,1.0291828,62.53268,-1.1133436,42.67837,-8.564612,57.292053,-4.0492916,42.88263,-3.9139066,50.119328
jazz.00092.wav,30.013333333333332,0.27044234,0.09499643,0.053534985,0.0013220223,2215.267219075518,1159202.5303936421,2795.0030326787037,184367.25930869635,5026.545733033643,5424409.388055816,0.07547665011117556,0.006264892318930331,-2.5402845e-05,0.003913466,-0.00016800374,6.0961553e-05,[117.45383523],-294.05438,2557.8538,84.63629,1520.6249,39.074047,132.2793,28.610287,124.68535,14.117953,119.22212,1.0143455,138.18796,7.343283,57.177834,5.2076173,76.29657,-3.7476375,108.25851,-5.045501,58.490887,2.2260773,45.413155,-0.57769674,100.07194,4.209762,85.634224,0.123602614,55.701355,0.8379011,89.941826,-2.1389358,68.463196,-4.502183,68.62823,-1.0983553,72.89447,7.2357097,82.43539,-0.25750965,88.00726
jazz.00086.wav,30.013333333333332,0.3374714,0.07998932,0.052383415,0.00041330548,4135.738578192063,541016.4456657167,3220.647929284286,67493.69116792471,8257.483788156178,1197437.436632093,0.26163718097447797,0.0077604351199463024,-7.3639996e-05,0.0021845195,-0.0002008234,0.0003799083,[135.99917763],-156.65346,2089.2224,22.764954,782.7151,10.47278,238.3366,24.15443,115.99415,10.1406765,101.73897,2.969042,74.81167,2.4916868,77.41283,0.48640975,63.619026,2.690116,69.2024,1.2295191,85.620995,3.3203454,96.52813,-7.8132567,68.35085,1.1047308,87.46523,1.8797818,96.21705,2.3282378,83.075035,0.716821,70.44066,2.9861107,87.14326,1.0177085,108.171936,7.6097193,115.06436,-2.0569487,69.547966
jazz.00087.wav,30.013333333333332,0.3423495,0.10297348,0.045787524,0.0011888877,1846.8634838198225,731995.5712519422,2731.2712863256857,342017.59116991924,4332.17071037558,7010171.689586581,0.04283468979601701,0.0008503193152511933,-2.3916597e-05,0.002719166,-0.00018144381,0.00019918745,[135.99917763],-340.92114,7254.321,89.82105,1178.6797,44.52626,399.31866,28.849882,267.79526,16.312696,191.6455,10.603151,173.61537,6.996852,94.67325,0.83877164,126.77389,6.085583,99.48922,7.1257286,89.606155,5.4259996,75.454796,2.7258348,77.74847,9.359518,51.2983,5.5758514,23.096245,3.7749715,19.54004,3.1574829,17.899689,0.28809905,19.62498,-1.3771287,20.149683,-1.5845389,16.18828,-1.9913074,18.486286
jazz.00093.wav,30.013333333333332,0.26954064,0.08030362,0.045283854,0.00015084073,2152.8430465955457,239020.2947341714,2775.4585810270382,137453.061361028,5015.7957851471865,2671043.9806720093,0.08172045690738593,0.00070465416052672,7.743326e-07,0.0016560969,-2.6701451e-05,0.00016556379,[83.35433468],-215.3706,1516.7417,100.935074,296.2231,17.103338,277.91373,12.981271,118.56424,16.05995,94.82787,4.7681456,86.99537,4.571938,51.29938,-3.1350138,42.698586,-4.1529493,39.251053,-2.297984,41.479183,-4.922637,52.882015,-3.3403125,50.628654,-1.4198282,37.66964,-5.0278635,43.34788,-0.6783643,54.45245,1.3401785,69.673485,1.9982681,102.38185,-0.24758857,114.53879,0.9631241,87.61076,-2.1385093,69.782715
jazz.00044.wav,30.013333333333332,0.27652484,0.08982852,0.08646611,0.0013433755,1004.7574198358539,126071.9725064319,1246.8335111954982,99903.79249293797,1811.2538065545243,560931.6391764585,0.04966836148975251,0.0005498047144882264,-0.01777623,0.0063128048,-0.0013358133,0.0006893506,[103.359375],-246.96924,3601.0505,168.01538,794.1272,-19.797491,623.52795,21.995052,204.01663,-0.73890424,137.26694,15.092532,101.72835,-1.2764798,91.103935,4.740402,94.83485,-2.0533223,78.49488,6.5338626,64.25917,-1.3891006,65.37692,5.62546,84.80717,-0.28566727,111.04135,5.6628947,84.67883,3.2056053,79.36442,1.8701102,134.25366,7.0246043,148.48686,5.050238,149.03246,2.454401,128.66043,-0.911191,163.87053
jazz.00050.wav,30.351020408163265,0.41029474,0.08357508,0.19040252,0.0007887913,2486.009919317336,208223.09836871884,2760.011005484325,101232.39278429495,5797.288135213589,1376812.2288083658,0.08126299096903669,0.0008190122864896078,-9.1391754e-05,0.023849119,-0.0014513724,0.0046415636,[151.99908088],-54.897827,1002.16254,77.32104,342.94672,8.338181,213.58434,31.679049,117.57276,11.310491,91.160225,11.7354355,47.955246,7.8756256,45.79227,13.472067,36.30754,-2.214122,38.165695,5.5905604,45.831364,1.5235484,46.41936,7.4191575,34.09908,-0.9225682,28.71469,1.6063807,28.15499,-6.047009,28.325596,1.2126086,24.705929,3.2296352,35.91949,2.9549873,55.926517,2.4378674,59.841747,1.9185343,41.536522
jazz.00078.wav,30.013333333333332,0.26609486,0.089011796,0.11916989,0.004337037,2503.541017003684,333288.08225550776,2598.5970840505847,192455.39173890388,5155.861527515951,2302778.728197248,0.09586928412606342,0.001411412592127506,2.15978e-06,0.013994383,-4.776228e-05,0.0014810476,[80.74951172],-141.47614,3582.8008,70.87621,593.76605,-0.52493155,632.7541,33.563366,159.1411,1.4298357,126.04128,-9.16538,136.93442,0.7725241,62.960773,0.5435524,83.85571,-9.180862,100.43499,-2.561381,66.48462,4.0683784,40.582615,-2.233298,62.61149,-0.6956007,40.61238,-0.82570773,47.993362,-6.47128,44.677803,-5.9753003,71.347885,-4.225409,82.60786,-3.2325714,67.56108,-4.078712,69.544655,-6.5743585,100.89093
jazz.00037.wav,30.013333333333332,0.2848902,0.09221866,0.10659271,0.002071613,1276.6513096904512,123817.9848252604,1570.6844361090214,103029.26982285507,2468.549419500435,943813.4103569972,0.05150064348897912,0.00041510432418636586,-0.0039753057,0.010793541,-0.0018116244,0.00077489566,[95.703125],-198.47012,2131.7715,140.68791,438.9155,-18.40507,448.24265,30.508652,225.45229,-6.6951494,77.95195,15.7164755,79.944534,-0.7360027,61.956543,7.2920203,65.10693,-6.588792,61.56987,6.0721865,62.40277,-5.131031,48.33885,3.4454892,52.500156,-2.8457658,67.68467,7.180843,61.548676,-0.3087263,70.73309,-2.0184622,90.3632,3.1248403,89.01832,0.8644916,87.86861,1.5182264,115.982155,-0.21826233,161.61777
jazz.00023.wav,30.013333333333332,0.2211334,0.092152625,0.08778412,0.0008874295,1988.7524358295584,219025.1806399331,2100.2888332817024,71941.85367965975,4317.182401935905,1098959.0463577546,0.08013779123163187,0.0009324232908637791,2.7743223e-05,0.00675502,0.00034062652,0.00086220435,[86.1328125],-188.1169,1627.6034,98.61235,540.4157,-11.277219,174.8791,47.221462,88.42697,-20.341473,64.5097,18.784271,34.41722,-15.795817,50.516422,13.686597,49.821438,-15.463714,59.958187,17.43076,62.413357,1.0079583,96.001144,18.28063,98.1123,4.641811,116.968094,9.832654,174.79707,-5.495871,128.50232,2.131497,77.831505,-6.2481694,65.25072,-3.419977,41.579514,-2.9975045,83.6468,2.2162683,119.12941
jazz.00022.wav,30.013333333333332,0.20158362,0.087068535,0.05047974,0.00073608797,1451.862124161345,183985.4254124439,1920.2708431447868,124234.97970236014,3047.4311987927786,1842018.81289966,0.051224215124709975,0.0006286968604242439,8.464081e-05,0.003078221,0.00027668054,5.9912323e-05,[129.19921875],-298.75613,1554.9755,112.07628,390.28247,6.4888177,320.89825,28.38917,105.76837,-6.7709866,101.059784,16.645588,61.90251,-11.807551,82.039276,12.744363,48.866817,-8.340971,47.39996,13.893223,64.28025,-4.2377267,111.89061,2.317613,126.38831,-4.329582,120.86397,1.4045445,112.61337,0.70848525,140.28407,13.46546,190.48845,9.408201,199.40819,6.9103804,223.79114,7.880009,185.17464,-1.7789848,153.64362
jazz.00036.wav,30.013333333333332,0.32241195,0.086352065,0.080526754,0.0011671575,1481.5814852644787,283196.84513337817,1411.8576431135225,55655.431617610666,2657.4937010585845,785033.421626431,0.09950288210556844,0.003196601339673539,0.000118332835,0.0031313377,0.0003805209,0.0018676411,[123.046875],-196.93747,2874.8735,152.82791,804.6832,-36.87057,639.95337,41.80115,277.23557,-8.697372,114.541954,4.414522,68.95923,-11.569147,70.91308,1.4216535,51.705643,-14.735709,53.269733,0.473305,54.47553,-10.165451,91.250015,-6.9279656,50.432304,-6.249939,55.61349,-3.7142887,57.494236,-4.5639653,51.0563,-6.406651,56.074924,-2.893205,67.097786,-4.862206,60.75385,-5.8822265,104.052986,-9.122444,101.46324
jazz.00020.wav,30.013333333333332,0.28927255,0.103850365,0.027113363,0.00027987044,1171.3366946071274,116656.25836817037,1678.146629031959,81540.37600388184,2580.212317376015,856976.4163651002,0.03296332717034029,0.0005079188180391094,0.000110276706,0.00081611495,0.00023359046,7.022602e-05,[107.66601562],-376.71182,3311.78,119.157196,392.02713,-2.9485693,439.77896,48.497326,92.72437,13.156253,106.35552,21.246126,83.64068,0.022175541,88.0614,8.012308,53.031998,-0.405818,95.770584,2.373185,49.67862,-0.034592774,64.505226,0.8998018,37.04111,1.6660526,56.396877,-0.13820341,74.86927,1.3468819,59.845284,-0.17857008,81.010414,1.9938893,108.6774,2.7277167,93.15769,1.7695866,68.20324,0.4625089,84.99516
jazz.00034.wav,30.013333333333332,0.31165588,0.08982235,0.12999395,0.0015939656,1759.6144137548351,266924.2729730175,1779.727008955576,30118.7953128188,3574.320201475493,579460.714613734,0.07934929065158546,0.002250989495776937,-0.0001605629,0.011265589,-3.7247777e-05,0.0027247656,[95.703125],-146.37517,2848.1167,118.19466,634.04346,-34.67339,394.5944,58.782375,130.72723,-14.961514,69.564926,34.299007,53.709885,-6.591179,60.320633,13.892897,45.35228,-14.637518,76.03637,9.19335,71.21105,-11.33616,74.74431,1.0952268,82.57913,-5.499569,78.91529,-0.1555055,95.37574,-2.196844,84.235435,-2.7201526,91.168434,1.1273842,99.76022,-5.5927615,85.81499,-2.7644794,99.93379,-7.1448135,134.68579
jazz.00008.wav,30.013333333333332,0.35731745,0.09267386,0.11852421,0.0014090309,1304.6447666722559,174221.07300756633,1636.7321756811502,117992.92566398867,2724.341556699536,1065558.4680848883,0.04626700865235885,0.0006638851597781616,5.0567985e-07,0.011920837,-2.0386333e-05,0.0012177713,[107.66601562],-189.98236,3074.2554,134.4189,522.3501,-25.65002,762.36163,45.729492,122.596,8.180399,156.83208,21.443512,99.630394,-4.585944,124.9233,14.390953,133.16905,-12.663227,87.06745,10.280889,76.35994,-7.9422946,69.497925,-1.1352843,57.14506,-5.0534286,49.805557,2.414169,49.318577,-5.01387,39.26145,-2.1558046,45.153645,-4.238101,62.64257,1.8452005,68.11991,-0.4446255,75.25724,-4.774384,64.655365
jazz.00009.wav,30.013333333333332,0.2669193,0.08975035,0.085318066,0.000738536,749.4465654300853,45832.97662253872,1211.2293159745452,87505.17632604881,1134.090358088022,230534.2383214093,0.03168654534029389,0.00013657724113224615,-5.0553076e-06,0.007240996,-4.1559375e-05,0.00022142263,[107.66601562],-296.7094,1304.4321,172.36176,402.67883,16.870981,241.65767,18.944475,103.822,1.3714188,97.860146,14.397394,86.21167,1.0102301,90.62646,9.526041,62.903385,-7.4072003,73.08348,3.5161068,48.968067,-7.660177,56.5429,-0.1054814,58.614582,-7.948271,99.61026,-3.1879528,103.517075,-8.082698,78.55014,-4.0588837,91.01997,-0.84638894,88.98673,-3.867245,65.59716,-2.8241122,87.68125,-6.922983,63.050743
jazz.00035.wav,30.013333333333332,0.26457497,0.08998065,0.091462374,0.0012332137,844.1729949130138,51346.99373477001,1104.4627955958742,26299.326650496056,1608.811720562645,428491.6194558009,0.037725674303944315,0.00013211194262051931,-0.0018822592,0.0075809695,-0.0009764222,0.00056678493,[71.77734375],-261.9065,2606.2166,182.52736,458.95117,-16.897043,651.4692,49.855297,228.70886,-1.2192538,91.04131,6.3459206,67.580505,5.9968686,71.14049,-8.87631,55.377403,-10.314593,56.920963,-3.2035494,61.1333,-5.3700933,52.662968,-3.545535,33.228058,-2.8951979,39.038326,-7.470301,38.55045,-0.541884,29.025715,1.1262023,43.18225,-1.972131,35.85593,-5.219658,65.09994,-1.8623403,42.795433,-3.5038111,53.91054
jazz.00021.wav,30.013333333333332,0.4327793,0.087070026,0.047954846,0.00041152033,2915.2020778298547,466077.7605914856,2420.4244223967685,55391.68025972772,5865.116609719403,1067249.7052391258,0.18137212695765662,0.007393345761369681,3.9169332e-05,0.0013302896,0.0003140388,0.0005822167,[123.046875],-174.72078,1373.6348,75.8943,680.82837,-12.799819,273.48776,52.615498,69.62084,-29.40738,58.780464,22.755056,46.99317,-22.368855,56.118313,18.625555,31.153952,-24.709671,45.66388,21.171358,41.729137,-13.808962,27.314457,13.011256,32.0129,-7.8632345,26.120422,8.019593,39.780178,-5.9725614,49.524742,9.52948,52.41228,-6.0014534,44.0734,2.3498635,57.273094,-3.3544953,68.40357,2.5056329,58.573895
jazz.00019.wav,30.013333333333332,0.24822335,0.08740001,0.050191432,0.0002720291,1352.885747544467,88634.49143797367,1715.048471993169,65502.88198897087,2713.250208454176,653285.4643045597,0.05545069907675947,0.0003888727088014561,3.4073506e-05,0.0023862545,0.00029373445,0.00012692409,[184.5703125],-267.31512,1479.5963,129.0458,458.0852,-14.71859,367.21066,41.268223,131.351,-1.0152895,69.45541,22.954586,49.969868,-8.12934,32.99305,11.185736,41.979973,-9.07311,40.215244,11.3224125,38.576622,-5.5022397,53.483784,13.576351,81.596695,-1.1756659,54.61933,1.8752247,75.69317,-2.7165394,82.796364,3.28032,87.56141,-1.5964915,59.384373,0.2606142,83.04068,-0.611917,88.89331,4.514318,137.04247
jazz.00025.wav,30.013333333333332,0.2681593,0.099556476,0.069333844,0.0014500256,1697.9171779476408,163570.36107385496,2065.918165968311,103078.06638930728,3806.189333037268,1247583.9269350022,0.06359853840390564,0.0007366832267844692,-4.0672094e-06,0.0041823154,-3.0431236e-05,0.00074972917,[103.359375],-237.67996,3500.8005,108.312355,383.9266,2.04028,412.01633,41.773415,142.25517,-10.450012,105.62018,16.938732,57.569157,-8.598847,49.704727,12.791259,48.174263,-9.114674,56.774605,15.943176,95.161156,-6.5168304,94.19472,7.1786137,99.36013,-8.255826,105.16035,-0.20214957,100.09164,-8.687973,96.840805,-2.243157,69.87304,-4.7271276,49.470104,-3.512939,106.52406,1.4619243,160.12578,2.413296,172.58388
jazz.00031.wav,30.013333333333332,0.3111123,0.093661696,0.043577813,0.0001686129,1752.7248667109793,91549.21659454514,1990.3154471509752,51495.51840367513,3733.795803273637,496164.62059217907,0.07237627187258314,0.0009019905167029886,-0.000997161,0.0012381745,-0.0009450069,0.00027238077,[112.34714674],-237.51991,1571.7795,115.94363,288.42136,-15.43163,460.77823,47.1034,84.6504,-13.503622,44.574837,18.200197,41.431995,-13.963652,39.083305,15.332399,26.733294,-17.526098,29.686258,13.422289,28.643162,-6.2284956,41.177742,8.632212,58.928123,-7.2494073,40.368786,4.78334,47.261406,-4.4008846,58.299442,4.501258,114.39054,-4.273334,82.67748,2.3218331,88.21102,-9.921097,110.689606,-4.3268046,81.92211
jazz.00030.wav,30.013333333333332,0.23510405,0.08958502,0.029581375,0.00017571154,1687.9309172498354,258573.89477119796,1762.9877729126006,59397.876646308054,3354.8497317285382,902221.553705528,0.08464938913863108,0.0028370838445353364,-2.127025e-06,0.00093647075,-2.9036182e-05,3.2334876e-05,[215.33203125],-319.02478,2530.5928,115.67262,846.27203,-23.037462,543.5265,52.595093,163.47075,-12.8111315,144.20302,14.634927,68.49142,-8.212764,69.69925,0.305449,59.463245,-23.86931,83.013,10.836663,68.70083,-9.588442,60.582027,7.4765005,87.518234,-4.2497797,86.30155,2.9903615,75.4216,-4.4033146,106.9662,-1.0478277,93.73041,-5.3929143,138.14136,-5.510073,102.30166,-6.9689856,59.705494,-1.7196774,105.21678
jazz.00024.wav,30.013333333333332,0.34905425,0.09474158,0.05883789,0.00083563663,2034.491720703169,314424.5827254344,2084.4823311965106,136858.59156944536,4342.462682170823,1568812.7531491397,0.09322282240912606,0.0026010092883265437,4.365839e-05,0.0024113182,0.00033245765,0.0008726764,[103.359375],-202.62045,3002.8801,105.849625,677.4035,-20.564377,526.76807,43.89213,171.27737,-14.27648,86.94273,25.298758,49.210335,-15.593872,68.66837,15.321756,61.780567,-13.293833,58.84734,12.276259,61.917095,-8.7665825,64.3142,10.162182,59.622654,-1.8646487,64.97049,6.188432,71.39902,0.22644551,87.21616,8.043183,111.233345,-3.1625738,63.151646,-0.46440536,85.129005,-3.5874972,69.64818,0.715346,66.5712
jazz.00018.wav,30.013333333333332,0.35339326,0.08775298,0.052224174,0.00031457865,1993.4129868725474,64708.741340686436,2127.1930773610356,36027.15983665719,4248.252836789443,398827.77454404347,0.08770822759570766,0.0006712850405843578,2.4662095e-05,0.002038457,0.0002825704,0.00031506905,[103.359375],-192.11354,561.51324,105.56805,138.03192,-26.025105,211.34123,40.168938,62.189373,-6.6581736,37.857887,26.505718,23.733957,-10.3861,31.856209,18.47399,35.33471,-13.997672,27.49972,14.939583,26.395338,-12.698397,25.163815,9.578539,29.109655,-5.196666,38.120605,7.836463,43.43276,-3.8585918,47.211094,12.365725,57.286415,-1.1080325,47.833252,-0.7814634,56.97994,-2.983506,55.716297,0.3551488,64.05849
jazz.00032.wav,30.013333333333332,0.28082547,0.099417895,0.040505677,0.00056919875,1522.0894312711653,327091.2088497027,1909.7057937250145,184821.28436473702,3252.079896860499,2366846.1503078323,0.061381069339713844,0.001162461703100764,-2.0135967e-06,0.0013025576,-3.866512e-05,0.0004493755,[129.19921875],-305.4654,3648.5413,121.930756,737.35596,2.6112542,187.6212,36.931583,85.276474,-8.555871,76.812706,17.913818,70.21452,-9.265583,72.698524,10.559933,55.510273,-9.93475,61.367992,2.3150375,54.613194,-12.682137,69.794395,0.3106361,42.874485,-8.614857,93.36683,2.594071,70.81155,-6.972399,117.09276,-2.9206762,99.89993,-4.6487904,105.11717,-3.2457757,125.645386,-4.4447026,137.32053,-3.9541612,95.28036
jazz.00026.wav,30.013333333333332,0.20181763,0.0953565,0.03193886,0.0003146745,1367.4352003372985,422359.2061882742,1638.9549228262454,235847.2313255795,2631.480659077726,2573227.0443170853,0.05861036591260634,0.0029478037168710223,-6.990927e-06,0.0013033693,-2.873452e-05,1.007899e-05,[151.99908088],-414.08255,4343.901,104.82761,1120.8689,-7.8329196,913.5048,37.852917,174.57712,0.19328876,223.98138,23.407959,133.54123,-7.2962813,95.2183,5.744218,95.38984,-1.066086,86.83131,8.488759,51.857998,-5.5004673,49.777237,0.8773022,50.11676,-1.4534109,89.30453,7.7231297,103.00855,1.238341,246.23528,6.024334,378.92535,5.2394285,286.70587,2.4316692,218.06375,7.6198874,300.14435,9.826578,506.3068
jazz.00027.wav,30.013333333333332,0.32517007,0.09521194,0.04059417,0.00025090703,1769.4282677788906,106231.67633127615,2113.360397652115,75922.39529700957,3966.4393307714618,674618.0010487569,0.06268088686678268,0.0006750044028758599,-9.4079064e-07,0.001319301,-5.70038e-05,0.0001758114,[143.5546875],-262.10797,1959.5504,108.99054,227.99382,-6.340923,404.1706,55.173943,56.838646,-10.668641,54.92678,18.520815,56.591084,-4.25078,41.26634,18.553394,29.679052,-19.70442,67.71143,17.577572,32.968555,-10.98687,34.90963,11.923827,33.736164,-3.4338589,38.75972,7.191704,39.671406,-8.850467,39.647953,4.982307,38.040627,-4.036403,66.73526,-0.111062646,108.95925,-0.8182104,105.22237,-0.61219037,80.69683
jazz.00033.wav,30.013333333333332,0.2739362,0.09753519,0.06974877,0.0018634936,1169.4396756334397,132819.66552810205,1498.6352448209573,51756.381993473406,2443.793730060905,813139.7730114931,0.04233319134280743,0.00041780972731349957,-0.00081922853,0.004862727,-0.0010183809,0.00066681183,[95.703125],-261.82486,4904.9287,139.53577,433.7819,-17.112347,374.26672,49.890068,116.41077,-5.8632746,241.28221,19.849518,37.079605,1.8529809,126.43253,5.711824,48.857407,-7.836344,94.51546,-0.42400113,34.782272,-1.2595353,46.162457,-2.1943362,28.114374,4.4571304,24.450516,-0.32105985,28.190533,0.10199583,27.173113,-0.2794972,26.301365,1.9864297,33.875412,-2.6370404,32.56624,-1.1560913,38.23954,-5.3733764,69.4124
